{"cameraMode":{"drawMode":0,"name":"Shaded","section":"Shading Mode"},"sceneLighting":false,"audioPlay":false,"sceneViewState":{"m_AlwaysRefresh":false,"showFog":true,"showSkybox":false,"showFlares":true,"showImageEffects":true,"showParticleSystems":true,"showVisualEffectGraphs":true,"m_FxEnabled":true},"in2DMode":false,"pivot":{"x":43.720001220703128,"y":2.946000099182129,"z":44.279998779296878},"rotation":{"x":-0.009188174270093441,"y":-0.719038188457489,"z":0.6948727965354919,"w":-0.009488235227763653},"size":6.928203105926514,"orthographic":false}