{"cameraMode":{"drawMode":0,"name":"Shaded","section":"Shading Mode"},"sceneLighting":false,"audioPlay":false,"sceneViewState":{"m_AlwaysRefresh":false,"showFog":true,"showSkybox":false,"showFlares":true,"showImageEffects":true,"showParticleSystems":true,"showVisualEffectGraphs":true,"m_FxEnabled":true},"in2DMode":false,"pivot":{"x":-0.7064289450645447,"y":3.372225761413574,"z":-0.27069997787475588},"rotation":{"x":0.025919055566191675,"y":0.9704034924507141,"z":-0.20714853703975678,"w":0.12142954766750336},"size":1.4607932567596436,"orthographic":false}