{"cameraMode":{"drawMode":0,"name":"Shaded","section":"Shading Mode"},"sceneLighting":false,"audioPlay":false,"sceneViewState":{"m_AlwaysRefresh":false,"showFog":true,"showSkybox":false,"showFlares":true,"showImageEffects":true,"showParticleSystems":true,"showVisualEffectGraphs":true,"m_FxEnabled":true},"in2DMode":false,"pivot":{"x":0.2691669464111328,"y":1.527639627456665,"z":0.05348014831542969},"rotation":{"x":-0.00749621819704771,"y":-0.9842809438705444,"z":0.04315001145005226,"w":-0.17119623720645905},"size":3.1038668155670168,"orthographic":false}