{"cameraMode":{"drawMode":0,"name":"Shaded","section":"Shading Mode"},"sceneLighting":true,"audioPlay":false,"sceneViewState":{"m_AlwaysRefresh":false,"showFog":true,"showSkybox":true,"showFlares":true,"showImageEffects":true,"showParticleSystems":true,"showVisualEffectGraphs":true,"m_FxEnabled":true},"in2DMode":false,"pivot":{"x":50.03377914428711,"y":9.21312141418457,"z":44.57420349121094},"rotation":{"x":0.19112813472747804,"y":-0.0029510390013456346,"z":0.0005617444985546172,"w":0.9815770387649536},"size":2.9786670207977297,"orthographic":false}