{"cameraMode":{"drawMode":0,"name":"Shaded","section":"Shading Mode"},"sceneLighting":true,"audioPlay":false,"sceneViewState":{"m_AlwaysRefresh":false,"showFog":true,"showSkybox":true,"showFlares":true,"showImageEffects":true,"showParticleSystems":true,"showVisualEffectGraphs":true,"m_FxEnabled":true},"in2DMode":false,"pivot":{"x":32.08460235595703,"y":4.231647491455078,"z":117.65654754638672},"rotation":{"x":0.10955455154180527,"y":-0.02534864842891693,"z":0.0027895611710846426,"w":0.9936689138412476},"size":0.17320381104946137,"orthographic":false}