{"cameraMode":{"drawMode":0,"name":"Shaded","section":"Shading Mode"},"sceneLighting":true,"audioPlay":false,"sceneViewState":{"m_AlwaysRefresh":false,"showFog":true,"showSkybox":true,"showFlares":true,"showImageEffects":true,"showParticleSystems":true,"showVisualEffectGraphs":true,"m_FxEnabled":true},"in2DMode":false,"pivot":{"x":507.8929748535156,"y":358.2424011230469,"z":8.9793701171875},"rotation":{"x":0.06475754082202912,"y":-0.014972950331866742,"z":0.0009590162662789226,"w":0.9978031516075134},"size":314.0550537109375,"orthographic":false}