{"cameraMode":{"drawMode":0,"name":"Shaded","section":"Shading Mode"},"sceneLighting":false,"audioPlay":false,"sceneViewState":{"m_AlwaysRefresh":false,"showFog":true,"showSkybox":false,"showFlares":true,"showImageEffects":true,"showParticleSystems":true,"showVisualEffectGraphs":true,"m_FxEnabled":true},"in2DMode":false,"pivot":{"x":-0.08618628978729248,"y":6.983295440673828,"z":0.03929305076599121},"rotation":{"x":-0.07286578416824341,"y":0.8826538920402527,"z":-0.14589379727840424,"w":-0.4408324956893921},"size":1.2247449159622193,"orthographic":false}