{"cameraMode":{"drawMode":0,"name":"Shaded","section":"Shading Mode"},"sceneLighting":false,"audioPlay":false,"sceneViewState":{"m_AlwaysRefresh":false,"showFog":true,"showSkybox":false,"showFlares":true,"showImageEffects":true,"showParticleSystems":true,"showVisualEffectGraphs":true,"m_FxEnabled":true},"in2DMode":false,"pivot":{"x":0.2243683636188507,"y":0.3858126401901245,"z":0.014367759227752686},"rotation":{"x":0.27932462096214297,"y":0.16319061815738679,"z":-0.04823528602719307,"w":0.94500333070755},"size":1.2256948947906495,"orthographic":false}