{"cameraMode":{"drawMode":0,"name":"Shaded","section":"Shading Mode"},"sceneLighting":false,"audioPlay":false,"sceneViewState":{"m_AlwaysRefresh":false,"showFog":true,"showSkybox":false,"showFlares":true,"showImageEffects":true,"showParticleSystems":true,"showVisualEffectGraphs":true,"m_FxEnabled":true},"in2DMode":false,"pivot":{"x":-0.06199300289154053,"y":2.6440608501434328,"z":0.18219125270843507},"rotation":{"x":0.07379473000764847,"y":0.8623142242431641,"z":-0.13164952397346497,"w":0.48336121439933779},"size":1.0307763814926148,"orthographic":false}