{"cameraMode":{"drawMode":0,"name":"Shaded","section":"Shading Mode"},"sceneLighting":false,"audioPlay":false,"sceneViewState":{"m_AlwaysRefresh":false,"showFog":true,"showSkybox":false,"showFlares":true,"showImageEffects":true,"showParticleSystems":true,"showVisualEffectGraphs":true,"m_FxEnabled":true},"in2DMode":false,"pivot":{"x":32.08460235595703,"y":4.231647491455078,"z":117.65654754638672},"rotation":{"x":-0.004182771313935518,"y":-0.058470468968153,"z":-0.0002555775863584131,"w":0.998299777507782},"size":0.17320381104946137,"orthographic":false}