{"cameraMode":{"drawMode":0,"name":"Shaded","section":"Shading Mode"},"sceneLighting":false,"audioPlay":false,"sceneViewState":{"m_AlwaysRefresh":false,"showFog":true,"showSkybox":false,"showFlares":true,"showImageEffects":true,"showParticleSystems":true,"showVisualEffectGraphs":true,"m_FxEnabled":true},"in2DMode":false,"pivot":{"x":2.890530824661255,"y":0.20929871499538423,"z":2.25285005569458},"rotation":{"x":0.003445332869887352,"y":0.7000771164894104,"z":-0.0033548600040376188,"w":0.7140809297561646},"size":2.9434144496917726,"orthographic":false}