{"cameraMode":{"drawMode":0,"name":"Shaded","section":"Shading Mode"},"sceneLighting":false,"audioPlay":false,"sceneViewState":{"m_AlwaysRefresh":false,"showFog":true,"showSkybox":false,"showFlares":true,"showImageEffects":true,"showParticleSystems":true,"showVisualEffectGraphs":true,"m_FxEnabled":true},"in2DMode":false,"pivot":{"x":6.714263916015625,"y":-3.6370649337768556,"z":-19.503433227539064},"rotation":{"x":0.025919055566191675,"y":0.9704034924507141,"z":-0.20714853703975678,"w":0.12142954766750336},"size":17.391494750976564,"orthographic":false}