{"cameraMode":{"drawMode":0,"name":"Shaded","section":"Shading Mode"},"sceneLighting":false,"audioPlay":false,"sceneViewState":{"m_AlwaysRefresh":false,"showFog":true,"showSkybox":false,"showFlares":true,"showImageEffects":true,"showParticleSystems":true,"showVisualEffectGraphs":true,"m_FxEnabled":true},"in2DMode":false,"pivot":{"x":6.75460147857666,"y":0.8168864250183106,"z":-29.153234481811525},"rotation":{"x":-0.016776394098997117,"y":-0.9793727993965149,"z":0.09165365248918534,"w":-0.17943821847438813},"size":21.702484130859376,"orthographic":false}