{"cameraMode":{"drawMode":0,"name":"Shaded","section":"Shading Mode"},"sceneLighting":true,"audioPlay":false,"sceneViewState":{"m_AlwaysRefresh":false,"showFog":true,"showSkybox":true,"showFlares":true,"showImageEffects":true,"showParticleSystems":true,"showVisualEffectGraphs":true,"m_FxEnabled":true},"in2DMode":false,"pivot":{"x":-2.6034202575683595,"y":-6.362513542175293,"z":93.62257385253906},"rotation":{"x":-0.04260219261050224,"y":-0.11455225944519043,"z":0.0049209874123334888,"w":-0.9925064444541931},"size":57.780235290527347,"orthographic":false}