{"cameraMode":{"drawMode":0,"name":"Shaded","section":"Shading Mode"},"sceneLighting":true,"audioPlay":false,"sceneViewState":{"m_AlwaysRefresh":false,"showFog":true,"showSkybox":true,"showFlares":true,"showImageEffects":true,"showParticleSystems":true,"showVisualEffectGraphs":true,"m_FxEnabled":true},"in2DMode":false,"pivot":{"x":7.31166934967041,"y":153.46905517578126,"z":-166.0819091796875},"rotation":{"x":-0.3623528778553009,"y":-0.009230196475982666,"z":0.0035881923977285625,"w":-0.9319900870323181},"size":8.155984878540039,"orthographic":false}